code,index,name
H001,651,Beau Bruce
H002,489,Kelly Bijanki
H003,195,Deborah Andresen
H004,5341,John Sweeney
H005,2325,Lucas Felipe Bastos Horta
H006,4680,Bryce Rushing
H007,1788,Paul Ghareeb
H008,5674,Joshua Vova
H009,368,Reneeta Basu
H010,1165,Stephanie Davis
H011,3374,Cheryl Maier
H012,4621,Amanda Romeu
H013,2465,Joshy Jacob
H014,2268,Kim Hoang
H015,1314,Elizabeth Draganova
H016,6294,Michelle Kegler
H017,6692,John Blevins
H018,3710,Hassan Monfared
H019,6361,Phillip Zhe Sun
H020,505,Joseph Bishop
H021,6494,Nicole Carlson
H022,2810,Lindsay Kibuyaga
H023,6478,Teresa B. Ades
H024,4998,Michelle Sheng
H025,5555,Yih-Ling Tzeng
H026,1998,Jidong Guo
H027,5305,Cinnamon Sullivan
H028,5451,James Thornton
H029,4069,Abayomi Oyenuga
H030,6344,Shruti Bhatt
H031,1686,Andrew Furman
H032,1933,Sonya Green
H033,1282,Thomas Dodson
H034,4857,Kindell Schoffner
H035,2931,Sarah Koumtouzoua
H036,3155,Enoch Leung
H037,2474,Geetha Jagannathan
H038,2361,Lauren Hudak
H039,3096,Benjamin Lee
H040,168,Franck Amblard
H041,3769,Lalita Movva
H042,3219,Matthew Lilien
H043,5050,Soumitri Sil
H044,6446,Michelle Lampl
H045,289,Harry Baddour Jr
H046,854,Jae Won Chang
H047,1760,Melat Gebre
H048,5057,Rafael Medina Silva
H049,3407,Dawn Manning-Williams
H050,6213,Limin Peng
H051,4434,Sandhya Rajagopal
H052,1742,Matthew Gary
H053,3742,James Morgan
H054,1063,Octav Cristea
H055,5034,Amita Shroff
H056,1560,Josephine Finazzo
H057,3647,Lauren Millett
H058,1612,Hananeh Fonoudi
H059,1624,Paul Forfia
H060,6245,Patricia Vega-Fernandez
H061,1906,Adam Gracz
H062,765,Mary Carlton
H063,3290,Chrissy Lopez
H064,390,George R. Beck Jr.
H065,5174,Katherine Sorrentino
H066,554,Robert Bonsall
H067,4186,Ravi Mangal Patel
H068,2333,Debra Houry
H069,2598,Anand Joshi
H070,2762,Bethany Ketchen
H071,3847,Bhagyashri Navalkele
H072,373,Glaivy Batsuli
H073,1120,Richard Danilkowicz
H074,6697,Donna Brogan
H075,3174,Brittany Lewis
H076,941,Bryan Christensen
H077,1202,Mahlon DeLong
H078,5023,Rakesh Shiradkar
H079,6573,Jiaying Lu
H080,552,Kevin Bonney
H081,5373,Amy Tang
H082,2177,Kiran Hebbar
H083,2141,Taylor Harrison
H084,4789,Rein Saral
H085,4141,Ruth Parker
H086,3641,Laura Miller
H087,701,Mark Burton
H088,1456,Lauren Esposito
H089,319,Michael Balk
H090,3195,Shiyong Li
H091,6135,Carla Ammons
H092,5898,Thomas Wingo
H093,4468,Philip Rather
H094,3719,Sean Mooney
H095,4232,John Pearce
H096,6271,Lindsay J. Collin
H097,2492,Ashesh Jani
H098,2811,Emily Kiernan
H099,5217,Bashar Staitieh
H100,4937,Jay Shah
H101,4770,Sreedhara Sangadala
H102,5127,Lisa Smith
H103,5527,Randy Trumbower
H104,3794,Jennifer Murphy
H105,2786,Shabtab Khan
H106,6145,Laura Blackwell
H107,1730,Betsy Gard
H108,1303,Samuel Dotson
H109,3644,Stephen Miller
H110,6372,Katia Koelle
H111,129,Joanne Allam
H112,5213,Sumathi Srivatsa
H113,6679,Edmund Becker
H114,5912,Laila Woc-Colburn
H115,2421,Ghulam Ilyas
H116,4529,Amir Rezvan
H117,1732,Laura Gardner
H118,6919,Gregory Noland
H119,2456,Brendan Jackson
H120,4419,Prashant Raghavendran
H121,259,Fahim Atif
H122,6303,Carmen Marsit
H123,4188,Sajani Patel
H124,3109,Jacqueline C. Lee
H125,2547,Suzana John
H126,2785,Noreen Khan
H127,4679,Jonathan Rupp
H128,4653,Nanda Kishore Routhu
H129,1761,Neo Gebru
H130,3552,Kera McNelis
H131,309,James Bailey
H132,5638,Brian Vickery
H133,197,Kristina Angelo
H134,5814,Jill Wells
H135,6751,Rebecca Filipowicz
H136,2686,Ajay Kasi
H137,4925,Virginia Shaffer
H138,3064,Stephen Lauer
H139,5005,Andrew Sherrill
H140,2472,Helaina Jaffe
H141,230,Tamara Arnautovic
H142,5509,Stephanie Tran
H143,504,Elliot Bishop
H144,6568,Aparna Kumar
H145,529,Ingrid Bloom
H146,4350,Forrest Powers
H147,6642,Kelly Wiltse Nicely
H148,2082,Stephanie Hampton
H149,6351,Lanny Liebeskind
H150,4135,Sunita Park
