code,index,name,labeller,label,sure,note,after_web_check
H001,651,Beau Bruce,Labeller 1,D,1,Most titles are case-reports/review based as opposed to titles that show results gained from wetbench experiments,D
H002,489,Kelly Bijanki,Labeller 1,D,2,"Seems to be a lot of recent publications about case studies, but there's also a few titles about identifying signals and amydala stimulation that makes it seem a bit more wet like, still think its dry(SHE DOESNT WORK AT EMORY ANYMORE)",U
H003,195,Deborah Andresen,Labeller 1,D,1,All 3 pubs are case studies,D
H004,5341,John Sweeney,Labeller 1,D,2,No pubs but Im guessing based off of his position and MD degree and the fact he works in surgery its more dry case reports,D
H005,2325,Lucas Felipe Bastos Horta,Labeller 1,D,1,The 2 things listed on record are casereeports,D
H006,4680,Bryce Rushing,Labeller 1,D,2,Not much in record but the one thing listed is a retrospective,D
H007,1788,Paul Ghareeb,Labeller 1,D,1,Everything is analysis/case reports,D
H008,5674,Joshua Vova,Labeller 1,D,1,All case reports/common MD type papers,D
H009,368,Reneeta Basu,Labeller 1,D,2,"No records, but its rare to see a DO only degree pursue wet bench basic science based research",D
H010,1165,Stephanie Davis,Labeller 1,D,1,All her pubs are statistical analysis of different diseases/medical findings in Africa,D
H011,3374,Cheryl Maier,Labeller 1,H,2,"This one im a bit more unsure about since she includes words like pharmokinetics/dynamics in her paper, but her pubs lower down the line seem to be more foucsed on clinical studies",W
H012,4621,Amanda Romeu,Labeller 1,D,1,Only thing listed is a clinical review,D
H013,2465,Joshy Jacob,Labeller 1,W,2,"Althouhg all his publications seem dry, his lab description focuses on plasma cell mechanisms which is very wet bench focused",W
H014,2268,Kim Hoang,Labeller 1,W,2,Focuses on micriobiota which signals very wet,U
H015,1314,Elizabeth Draganova,Labeller 1,W,1,She works in BCDB program but just left Emory,W
H016,6294,Michelle Kegler,Labeller 1,D,1,His departments and publications all signal very drywork,D
H017,6692,John Blevins,Labeller 1,D,1,All publications about qualitative assesments,D
H018,3710,Hassan Monfared,Labeller 1,D,2,Nothing on record but his department and MD signify mosy likely dry work,D
H019,6361,Phillip Zhe Sun,Labeller 1,D,1,All his publications signal dry work,D
H020,505,Joseph Bishop,Labeller 1,W,2,The one record it does have signals mousewwork and modeling disease,D
H021,6494,Nicole Carlson,Labeller 1,D,1,All dry + nursing,D
H022,2810,Lindsay Kibuyaga,Labeller 1,D,2,no records but MPH makes me believe dry,D
H023,6478,Teresa B. Ades,Labeller 1,D,1,Nursing faculty,D
H024,4998,Michelle Sheng,Labeller 1,D,1,Two papers are reviews,D
H025,5555,Yih-Ling Tzeng,Labeller 1,W,1,Papers involving elucidating antibodies  and menincogoccal disease,W
H026,1998,Jidong Guo,Labeller 1,D,2,"seems to lean dry, but there are a few wet ttiles involving oxytoxic signaling",W
H027,5305,Cinnamon Sullivan,Labeller 1,D,1,papers seem to be reviews,D
H028,5451,James Thornton,Labeller 1,D,1,papers seem to be review/reports,D
H029,4069,Abayomi Oyenuga,Labeller 1,D,1,Both papers are case reports,D
H030,6344,Shruti Bhatt,Labeller 1,W,1,paper titles plus department all lean wet,W
H031,1686,Andrew Furman,Labeller 1,D,1,everything seems like reviews/reports,D
H032,1933,Sonya Green,Labeller 1,D,1,dept. + paper titles lean dry,D
H033,1282,Thomas Dodson,Labeller 1,D,1,dept + paper titles show dry,D
H034,4857,Kindell Schoffner,Labeller 1,D,1,everything is just commentaries,D
H035,2931,Sarah Koumtouzoua,Labeller 1,D,1,titles seem dry,D
H036,3155,Enoch Leung,Labeller 1,D,1,only record is dry,D
H037,2474,Geetha Jagannathan,Labeller 1,U,2,titles seem like a mix of wet/dry,D
H038,2361,Lauren Hudak,Labeller 1,D,1,every title looks dry,D
H039,3096,Benjamin Lee,Labeller 1,W,1,Titles seem focused on molecular biology and wet,D
H040,168,Franck Amblard,Labeller 1,W,1,"I know this professor, he works in LOBP",W
H041,3769,Lalita Movva,Labeller 1,D,1,One title seems to be dry,D
H042,3219,Matthew Lilien,Labeller 1,U,2,No records,D
H043,5050,Soumitri Sil,Labeller 1,D,1,All reviews,D
H044,6446,Michelle Lampl,Labeller 1,D,1,Department + all pub titles lean dry,D
H045,289,Harry Baddour Jr,Labeller 1,D,1,Pub titles lean dry,D
H046,854,Jae Won Chang,Labeller 1,W,1,Departments show that hes wetlab,W
H047,1760,Melat Gebre,Labeller 1,D,1,Departments + websites lean dry,D
H048,5057,Rafael Medina Silva,Labeller 1,W,1,Lab description seems wet,W
H049,3407,Dawn Manning-Williams,Labeller 1,D,1,Dept + degree,D
H050,6213,Limin Peng,Labeller 1,D,1,Dept + degree,D
H051,4434,Sandhya Rajagopal,Labeller 1,D,1,All pubs are reviews,D
H052,1742,Matthew Gary,Labeller 1,D,1,All pubs are reviews,D
H053,3742,James Morgan,Labeller 1,D,1,,D
H054,1063,Octav Cristea,Labeller 1,D,1,,D
H055,5034,Amita Shroff,Labeller 1,D,1,,D
H056,1560,Josephine Finazzo,Labeller 1,D,1,,D
H057,3647,Lauren Millett,Labeller 1,D,1,,D
H058,1612,Hananeh Fonoudi,Labeller 1,W,1,,W
H059,1624,Paul Forfia,Labeller 1,D,1,,D
H060,6245,Patricia Vega-Fernandez,Labeller 1,D,1,,D
H061,1906,Adam Gracz,Labeller 1,W,1,,W
H062,765,Mary Carlton,Labeller 1,D,1,,D
H063,3290,Chrissy Lopez,Labeller 1,D,1,,D
H064,390,George R. Beck Jr.,Labeller 1,W,1,,W
H065,5174,Katherine Sorrentino,Labeller 1,D,1,,D
H066,554,Robert Bonsall,Labeller 1,D,,,D
H067,4186,Ravi Mangal Patel,Labeller 1,D,1,,D
H068,2333,Debra Houry,Labeller 1,D,1,,D
H069,2598,Anand Joshi,Labeller 1,D,1,,D
H070,2762,Bethany Ketchen,Labeller 1,D,1,,D
H071,3847,Bhagyashri Navalkele,Labeller 1,D,1,,D
H072,373,Glaivy Batsuli,Labeller 1,D,1,,D
H073,1120,Richard Danilkowicz,Labeller 1,D,1,,D
H074,6697,Donna Brogan,Labeller 1,D,1,,D
H075,3174,Brittany Lewis,Labeller 1,D,1,,D
H076,941,Bryan Christensen,Labeller 1,D,1,,D
H077,1202,Mahlon DeLong,Labeller 1,D,1,,D
H078,5023,Rakesh Shiradkar,Labeller 1,D,1,,D
H079,6573,Jiaying Lu,Labeller 1,D,1,,D
H080,552,Kevin Bonney,Labeller 1,D,1,,D
H081,5373,Amy Tang,Labeller 1,D,1,,D
H082,2177,Kiran Hebbar,Labeller 1,D,1,,D
H083,2141,Taylor Harrison,Labeller 1,D,1,,D
H084,4789,Rein Saral,Labeller 1,D,1,,D
H085,4141,Ruth Parker,Labeller 1,D,1,,D
H086,3641,Laura Miller,Labeller 1,D,1,,D
H087,701,Mark Burton,Labeller 1,D,1,,D
H088,1456,Lauren Esposito,Labeller 1,D,1,,D
H089,319,Michael Balk,Labeller 1,D,1,,D
H090,3195,Shiyong Li,Labeller 1,W,1,,W
H091,6135,Carla Ammons,Labeller 1,D,1,,D
H092,5898,Thomas Wingo,Labeller 1,D,1,,D
H093,4468,Philip Rather,Labeller 1,W,1,,W
H094,3719,Sean Mooney,Labeller 1,D,1,,D
H095,4232,John Pearce,Labeller 1,D,1,,D
H096,6271,Lindsay J. Collin,Labeller 1,D,1,,D
H097,2492,Ashesh Jani,Labeller 1,D,1,,D
H098,2811,Emily Kiernan,Labeller 1,D,1,,D
H099,5217,Bashar Staitieh,Labeller 1,D,1,,D
H100,4937,Jay Shah,Labeller 1,D,1,,D
H101,4770,Sreedhara Sangadala,Labeller 1,W,1,,W
H102,5127,Lisa Smith,Labeller 1,D,1,,D
H103,5527,Randy Trumbower,Labeller 1,D,1,,D
H104,3794,Jennifer Murphy,Labeller 1,D,1,,D
H105,2786,Shabtab Khan,Labeller 1,D,1,,D
H106,6145,Laura Blackwell,Labeller 1,D,1,,D
H107,1730,Betsy Gard,Labeller 1,D,1,,D
H108,1303,Samuel Dotson,Labeller 1,D,1,,D
H109,3644,Stephen Miller,Labeller 1,D,1,,D
H110,6372,Katia Koelle,Labeller 1,W,1,,W
H111,129,Joanne Allam,Labeller 1,D,1,,D
H112,5213,Sumathi Srivatsa,Labeller 1,D,1,,D
H113,6679,Edmund Becker,Labeller 1,D,1,,D
H114,5912,Laila Woc-Colburn,Labeller 1,D,1,,D
H115,2421,Ghulam Ilyas,Labeller 1,D,1,,D
H116,4529,Amir Rezvan,Labeller 1,W,2,,W
H117,1732,Laura Gardner,Labeller 1,D,1,,D
H118,6919,Gregory Noland,Labeller 1,D,1,,D
H119,2456,Brendan Jackson,Labeller 1,D,1,,D
H120,4419,Prashant Raghavendran,Labeller 1,D,1,,D
H121,259,Fahim Atif,Labeller 1,D,1,,D
H122,6303,Carmen Marsit,Labeller 1,D,1,,D
H123,4188,Sajani Patel,Labeller 1,D,1,,D
H124,3109,Jacqueline C. Lee,Labeller 1,D,1,,D
H125,2547,Suzana John,Labeller 1,D,1,,D
H126,2785,Noreen Khan,Labeller 1,D,1,,D
H127,4679,Jonathan Rupp,Labeller 1,D,1,,D
H128,4653,Nanda Kishore Routhu,Labeller 1,D,1,,D
H129,1761,Neo Gebru,Labeller 1,D,1,,D
H130,3552,Kera McNelis,Labeller 1,D,1,,D
H131,309,James Bailey,Labeller 1,D,1,,D
H132,5638,Brian Vickery,Labeller 1,D,1,,D
H133,197,Kristina Angelo,Labeller 1,D,1,,D
H134,5814,Jill Wells,Labeller 1,D,1,,D
H135,6751,Rebecca Filipowicz,Labeller 1,D,1,,D
H136,2686,Ajay Kasi,Labeller 1,D,1,,D
H137,4925,Virginia Shaffer,Labeller 1,D,1,,D
H138,3064,Stephen Lauer,Labeller 1,D,1,,D
H139,5005,Andrew Sherrill,Labeller 1,D,1,,D
H140,2472,Helaina Jaffe,Labeller 1,D,1,,D
H141,230,Tamara Arnautovic,Labeller 1,D,1,,D
H142,5509,Stephanie Tran,Labeller 1,D,1,,D
H143,504,Elliot Bishop,Labeller 1,D,1,,D
H144,6568,Aparna Kumar,Labeller 1,D,1,,D
H145,529,Ingrid Bloom,Labeller 1,D,1,,D
H146,4350,Forrest Powers,Labeller 1,D,1,,D
H147,6642,Kelly Wiltse Nicely,Labeller 1,D,1,,D
H148,2082,Stephanie Hampton,Labeller 1,D,1,,D
H149,6351,Lanny Liebeskind,Labeller 1,W,1,,W
H150,4135,Sunita Park,Labeller 1,D,1,,D
